{"cameraMode":{"drawMode":0,"name":"Shaded","section":"Shading Mode"},"sceneLighting":true,"audioPlay":false,"sceneViewState":{"m_AlwaysRefresh":false,"showFog":true,"showSkybox":true,"showFlares":true,"showImageEffects":true,"showParticleSystems":true,"showVisualEffectGraphs":true,"m_FxEnabled":true},"in2DMode":false,"pivot":{"x":-0.061864614486694339,"y":0.1106947660446167,"z":-0.2876390218734741},"rotation":{"x":-0.17392313480377198,"y":0.7112727165222168,"z":-0.18906952440738679,"w":-0.6542970538139343},"size":1.032751441001892,"orthographic":false}